"","texto","datahora","n_control","n_reacciones"
"1","Bitte Komplett Lesen Und Durch Den Kopf Gehen Lassen. Ich Teile Nicht Nur, Sondern Teile Die Ansicht Auch. ğŸ’ªğŸ‘Œ
Haltung Zeigen","2022-01-09t04:29:14",4,1673
"2","ğŸ™‹â€â™‚ï¸ An Dieser Stelle Will Ich Mich Bedanken - Bei Meiner Frau. ğŸ’“

ğŸ€ Sie Ist Bereit, Mir Diesen Weg In Den Deutschen #Bundestag Zu ErmÃ¶glichen, Mir Den RÃ¼cken - Wo Notwendig - Freizuhalten, Damit Ich FÃ¼r Unseren #Wahlkreis160 #Verantwortung In #Berlin Ãœbernehmen Kann.

Ohne Deine #UnterstÃ¼tzung, Katrin, KÃ¶nnte Und WÃ¼rde Ich Diesen Weg Nicht Gehen. DafÃ¼r GebÃ¼hrt Dir Und Unseren Kindern Respekt. ğŸ™","2021-09-25t09:00:00",4,1031
"3","Morgen FrÃ¼h Geht Es Im Sat.1 FrÃ¼hstÃ¼cksfernsehen Um #Luis FrÃ³meta Compte, Ein Dresdner Mit ğŸ‡©ğŸ‡ª Und ğŸ‡¨ğŸ‡º StaatsbÃ¼rgerschaft, Der In Meinen Augen UnrechtmÃ¤ÃŸig In Kuba Im GefÃ¤ngnis Sitzt.
Er Hat Nur Einen Polizeieinsatz Gegen Eine Demonstration Im Sommer 2021 Mit Dem Handy Gefilmt Und Wurde DafÃ¼r Verhaftet.
Kurz Vor Weihnachten Kam Das Unrechts-Urteil:
25 Jahre Haft. ğŸ˜¤

Ich UnterstÃ¼tze Die Familie Gemeinsam Mit Dem Integrations- Und AuslÃ¤nderbeirat Der Stadt Dresden Und Victor Vincze. Wir Hoffen, Dass Es Weitere UnterstÃ¼tzer Geben Wird.

#Freeluis Internationale Gesellschaft FÃ¼r Menschenrechte","2022-01-04t12:51:03",4,657
"4","#Zeit FÃ¼r Ein GroÃŸes DankeschÃ¶n ğŸ™ An Alle Die Mich Letztes Jahr TatkrÃ¤ftig UnterstÃ¼tzt Haben, In Meinem Ziel Den #Wahlkreis160 Zu Gewinnen.

Bei Frisch Gegrillten BratwÃ¼rsten Vom Bauernhof KÃ¼hne In #Steinbach, Belegten Broten Vom Die BrÃ¶tchen Tuner- Mehr Als Nur FrÃ¼hstÃ¼ck, Leckeren Weinen Von Weinbau Fehrmann Und Verschiedenen Bieren ğŸ» Haben Wir Es Uns Gestern Abend Einfach Mal Richtig Gutgehen Lassen Und Den Direkten Austausch Miteinander Genossen. ğŸ¤—

#Vollerenergie FÃ¼r Elbe, RÃ¶der & Dresdner Heide Im #Bundestag

Cdu Dresden Junge Union Dresden Cdu-Ortsverband Pieschen Cdu Ortsverband Dresden Loschwitz/Weisser Hirsch Cdu-Ortsverband Dresden-Neustadt Cdu Dresden - Ortsverband Dresdner Norden Cdu-Kreisverband Bautzen Cdu Ottendorf-Okrilla Cdu Stadtverband Radeberg Cdu Dresdner Westen","2022-04-23t09:00:35",4,654
"5","Mein Erstes Interview Als Bundestagsabgeordneter Habe Ich Zeit Online Gegeben.
Doch Lest Selbst ğŸ‘‡

Https://Www.zeit.de/Politik/Deutschland/2021-10/Lars-Rohwer-Cdu-Dresden-Ostdeutschland-Afd

#Btw21 #Bundestagswahl2021 #Vollerenergie #Wahlkreis160 #Rohwer #Cdu #Wegenmorgen #Dasgutetun","2021-10-23t22:00:05",4,542
"6","Fraktionsklausur - Die Zweite In Dieser Legislaturperiode 2019-2024

ğŸ‘‰ Neuverschuldungsverbot, VerfassungsÃ¤nderung FÃ¼r Mehr Direkte Demokratie, Eckwertebeschluss Zum NÃ¤chsten Doppelhaushalt, StaatsstraÃŸenbau, Ã–pnv-Finanzierung, Ã„nderung Der Bauordnung Und NatÃ¼rlich #CoronağŸ¦  Und #ImpfenğŸ’‰ 
ğŸ¤œ Jede Menge #Themen Vollgepackt In Zwei Tage #Diskussion Und #Entscheidung ğŸ¤›

ğŸ‘‰ Diese Cdu-Fraktion Des SÃ¤chsischen Landtages Handelt. ğŸ‘Œ","2021-11-25t14:09:10",4,483
"7","ğŸ˜Es Waren Drei Wunderbare Tage Im #Bootcamp Der Cdu/Csu-Bundestagsfraktion ğŸ‘Œ FÃ¼r Die 49 NeugewÃ¤hlten Mitglieder.
Ganz Wichtige Vorbereitung ğŸ’ª Auf Die Neue Herausforderung In Berlin â˜ºï¸ Danke ğŸ™","2021-10-13t14:51:54",4,429
"8","Mdr Aktuell - Meldung Vom 14.09.2021 Um 7:30 Uhr

â€Stromausfall In Dresden Vermutlich Durch Ballon Verursacht

Der GroÃŸflÃ¤chige Strom-Ausfall In Dresden Ist MÃ¶glicherweise Durch Einen Metallbeschichteten Ballon Verursacht Worden. Wie Der Netzbetreiber Sachsenenergie Am SpÃ¤ten Abend Mitteilte, Wurden Bei Der Suche Nach Der StÃ¶rungs-Ursache Im Einspeise-Umspannwerk Dresden-SÃ¼d Verschmorte Reste Eines Flugobjekts Gefunden. Die Kriminalpolizei Untersuche, Ob Der Ballon Gezielt Gesteuert Wurde. Ein Polizeisprecher Wollte Sich Am Morgen Nicht Zum Stand Der Ermittlungen Ã„uÃŸern. Es Sei Noch Unklar, Ob Der Ballon ZufÃ¤llig An Die Neuralgische Stelle Des Umspannwerks Gelangte. - Von Dem Strom-Ausfall Waren In Dresden Und Umgebung Zeitweise 300.000 Haushalte Sowie Unternehmen Betroffen. StraÃŸenbahnen Blieben Liegen, Ampeln Fielen Aus.â€œ
â€”-
Heute Nachmittag (13.09.2021) Kam Es Zu Einem LÃ¤ngeren Stromausfall In Dresden Und Umgebung. Betroffen Waren Im Gesamten Versorgungsgebiet Ca. 300.000 Haushalte Sowie Zahlreiche Industriekunden. Ursache FÃ¼r Den Blackout War Eine StÃ¶rung Im Hoch- Und Mittelspannungsnetz.
Nachdem Die Stromversorgung Wieder GewÃ¤hrleistet War (Im Ãœbrigen In Der Schnelligkeit Eine GroÃŸartige Leistung Der Mitarbeiterinnen Und Mitarbeiter Von Sachsenenergienetze), Galt Es Nun Die Ursachen Zu Analysieren Und Alle Erforderlichen MaÃŸnahmen Zu Ergreifen Um Einen Wiederholungsfall Zu Vermeiden. Wir Brauchen Wirklich Stromspeicher Im Netz, Die Schnell FÃ¼r Versorgungssicherheit Im Stromnetz Garantieren Und Sofort FÃ¼r StabilitÃ¤t Sorgen.
Wenn Sich Der Verdacht BestÃ¤tigt, Weshalb Die Polizei Sachsen Ermittelt, Ist Es Wichtig, Die Verursacher Zu Finden.","2021-09-13t13:03:32",4,418
"9","Seit Heute Hat Mein ğŸ‡©ğŸ‡ª Berliner BÃ¼ro Internationales Flair! ğŸ¤—
FÃ¼r Die NÃ¤chsten Drei Monate Begleitet Mich Eine ğŸ‡¦ğŸ‡· Argentinische Ips -Stipendiatin Bei Meiner Arbeit Und UnterstÃ¼tzt Mein Team In #Berlin.
Herzlich Willkommen Im #Bundestag, Liebe Carolina! ğŸ‡¦ğŸ‡·ğŸ‡©ğŸ‡ª","2022-04-04t11:45:27",4,416
"10","âœŒï¸ Heute War Ich Zur Konstituierenden Sitzung Der Cdu/Csu-Bundestagsfraktion Zum Ersten Mal Im Plenarsaal. FÃ¼hlt Sich Ziemlich Gut An. ğŸ¤—

Auf Gehts, Es Gibt Viel Zu Tun. ğŸ’ª","2021-09-28t11:59:48",4,390
"11","Guten Morgen ğŸ˜ƒ #Dresden.

Geschafft ğŸ‘ Mit Einem Wimpernschlagfinale ğŸ¤ Aber Direkt Im #Bundestag âœŒï¸ğŸ’ª","2021-09-26t22:30:19",4,387
"12","Ich Habe GÃ¤nsehaut ğŸ˜” Und Scham,
Was FÃ¼r Ein Starker PrÃ¤sident ğŸ‡ºğŸ‡¦ Der #Ukraine","2022-03-17t01:22:22",4,359
"13","30 % Der Weizenexporte Weltweit Stammen Aus Der Ukraine Und Russland. Die Versorgungslage Wird Sich Wegen Der Getreide-AusfÃ¤lle Durch Den Krieg Deshalb Auf Dem Gesamten Globus Deutlich Verschlechtern. Die Ampel Macht Den Landwirten Das Leben Schwer Und Stellt Sich Nicht Der Verantwortung, Mehr Lebensmittel Zu Produzieren. Wir Fordern:
ğŸ”µ Schnelle & UnbÃ¼rokratische Hilfe FÃ¼r Unsere Bauern
ğŸ”µ MÃ¶glichkeit Zum Anbau Von Nahrungs- & Futtermitteln Auf BrachflÃ¤chen FÃ¼r 2022
ğŸ”µ Verabschiedung Von Alten GrÃ¼nen Ideologien & Eine Neubewertung Der Agrarpolitik Mit Blick Auf Die Lebensmittelkrise

#Lebensmittel","2022-04-04t09:31:02",8,358
"14","Manch Eine Familie Muss Derzeit Viel, Viel Mehr FÃ¼r Den Vollen HeizÃ¶ltank Ausgeben. Auch Die Spritpreise Haben Eine Dramatischen Anstieg Erfahren. Und Der Staat Verdient Durch Energieumlagen Und -Steuern An Jedem Liter HeizÃ¶l Oder Diesel Oder Benzin Derzeit Viel Mehr Als Noch Vor Einem Jahr.

Insofern Finde Ich Es Fast Schon Zynisch Dass Und Vor Allem Mit Welcher BegrÃ¼ndung Die #Bundesregierung, Der #Minister Im Bundesministerium FÃ¼r Wirtschaft Und Klimaschutz Und Der #Finanzminister Dem Wunsch Nach Einer Entlastung Eine Absage Erteilt. Das Sei â€SolidaritÃ¤t Mit Der Ukraineâ€œ Und â€Jedermanns Beitragâ€œ â€¦ ğŸ¤”

Nein, Das Geht So Nicht!! 

#Energie #Energiepreise #Entlastung #Preisbeemse #Diesel #HeizÃ¶l #Benzin #Cdu #Cducsu Cdu/Csu-Bundestagsfraktion Cdu #Larsrohwer","2022-03-10t22:04:43",4,355
"15","Fertsch! - Die 1. Rede Im Deutschen #Bundestag Steht. Heute Gg. 12.40 Uhr â° Geht Es In Die BÃ¼tt. Thema: #Milieuschutz","2022-01-27t16:21:29",4,352
